,City,Gem. vraagprijs,%Δ Vraagprijs (t.o.v vorige maand),Verkochte woningen,%Δ Verkochte woningen (t.o.v vorige maand),Gem. m2 prijs,%Δ M2 prijs (t.o.v vorige maand),% Vraagprijs overboden,%Δ Overboden (t.o.v vorige maand),Besteedbaar inkomen (per huishouden)
0,Aalsmeer,"€ 725,000",                55.41%            ,9,                -25.00%            ,"€ 4,297",                3.19%            ,7.25%,                -3.13%            ,"€ 45,800"
1,Alkmaar,"€ 410,000",                43.86%            ,24,                -59.32%            ,"€ 4,013",                13.94%            ,12.67%,                1.53%            ,"€ 36,300"
2,Amstelveen,"€ 700,000",                47.37%            ,14,                -68.89%            ,"€ 5,097",                10.09%            ,8.71%,                0.81%            ,"€ 37,800"
3,Amsterdam,"€ 465,000",                9.41%            ,166,                -43.73%            ,"€ 6,993",                5.52%            ,15.72%,                1.81%            ,"€ 30,100"
4,Beemster,"€ 675,000",                -3.23%            ,3,                -50.00%            ,"€ 4,299",                -7.15%            ,11.87%,                1.79%            ,"€ 47,300"
5,Bergen(NH),"€ 475,000",                -31.65%            ,3,                -78.57%            ,"€ 6,333",                27.58%            ,7.00%,                0.99%            ,"€ 41,800"
6,Beverwijk,"€ 299,000",                0.00%            ,9,                -67.86%            ,"€ 3,676",                5.88%            ,11.97%,                -1.07%            ,"€ 36,300"
7,Blaricum,"€ 1,847,500",                148.82%            ,8,                0.00%            ,"€ 9,262",                105.50%            ,1.15%,                -3.13%            ,"€ 49,000"
8,Bloemendaal,"€ 1,072,500",                -28.38%            ,14,                250.00%            ,"€ 6,429",                6.39%            ,9.69%,                1.82%            ,"€ 53,800"
9,Castricum,"€ 525,000",                86.01%            ,9,                0.00%            ,"€ 3,874",                10.28%            ,14.47%,                4.37%            ,"€ 45,600"
10,DenHelder,"€ 204,500",                2.76%            ,14,                -48.15%            ,"€ 2,078",                5.97%            ,15.18%,                -0.56%            ,"€ 33,300"
11,Diemen,"€ 385,000",                18.46%            ,9,                0.00%            ,"€ 4,545",                5.45%            ,13.73%,                0.23%            ,"€ 34,000"
12,Drechterland,"€ 365,000",                -19.78%            ,2,                -66.67%            ,"€ 2,799",                -26.48%            ,10.49%,                -8.35%            ,"€ 42,700"
13,Edam-Volendam,"€ 417,000",                20.87%            ,2,                -84.62%            ,"€ 4,511",                29.89%            ,5.54%,                4.80%            ,"€ 45,600"
14,Enkhuizen,"€ 430,000",                75.51%            ,2,                -60.00%            ,"€ 3,391",                45.35%            ,17.84%,                0.84%            ,"€ 35,600"
15,GooiseMeren,"€ 582,000",                8.79%            ,25,                -3.85%            ,"€ 4,355",                -3.09%            ,8.13%,                -1.38%            ,"€ 42,800"
16,Haarlem,"€ 500,000",                33.33%            ,83,                16.90%            ,"€ 5,255",                14.44%            ,17.76%,                3.45%            ,"€ 36,300"
17,Haarlemmermeer,"€ 455,000",                15.19%            ,40,                -37.50%            ,"€ 3,947",                -0.88%            ,13.77%,                2.87%            ,"€ 45,200"
18,Heemskerk,"€ 339,500",                -14.05%            ,7,                -63.16%            ,"€ 3,379",                -7.55%            ,17.22%,                2.96%            ,"€ 39,500"
19,Heemstede,"€ 785,000",                12.14%            ,14,                40.00%            ,"€ 5,396",                6.47%            ,13.00%,                0.84%            ,"€ 47,600"
20,Heerhugowaard,"€ 382,000",                13.19%            ,14,                -48.15%            ,"€ 3,045",                4.17%            ,14.93%,                0.28%            ,"€ 41,800"
21,Heiloo,"€ 475,000",                20.25%            ,11,                57.14%            ,"€ 4,583",                16.03%            ,7.53%,                3.18%            ,"€ 44,000"
22,Hilversum,"€ 495,000",                34.69%            ,33,                -8.33%            ,"€ 4,577",                13.80%            ,9.45%,                -3.02%            ,"€ 36,500"
23,HollandsKroon,"€ 233,750",                -15.00%            ,8,                -66.67%            ,"€ 2,951",                -2.35%            ,13.78%,                5.39%            ,"€ 39,900"
24,Hoorn,"€ 392,500",                36.17%            ,14,                -58.82%            ,"€ 4,064",                29.47%            ,13.33%,                0.19%            ,"€ 37,400"
25,Huizen,"€ 455,000",                4.60%            ,10,                100.00%            ,"€ 4,875",                25.51%            ,11.68%,                4.32%            ,"€ 40,700"
26,Koggenland,"€ 425,000",                37.32%            ,5,                -64.29%            ,"€ 3,320",                8.82%            ,11.93%,                -2.77%            ,"€ 44,100"
27,Landsmeer,"€ 700,000",                -12.28%            ,3,                200.00%            ,"€ 4,268",                -16.56%            ,15.73%,                -0.32%            ,"€ 46,800"
28,Langedijk,"€ 449,000",                34.03%            ,6,                -53.85%            ,"€ 3,320",                18.61%            ,8.87%,                0.44%            ,"€ 43,800"
29,Laren,"€ 1,050,000",                37.70%            ,5,                -28.57%            ,"€ 6,213",                -6.29%            ,8.21%,                0.34%            ,"€ 48,800"
30,Medemblik,"€ 345,000",                -8.49%            ,5,                -78.26%            ,"€ 3,136",                -6.56%            ,10.67%,                -3.76%            ,"€ 40,500"
31,Oostzaan,€ 0,NA,0,                -100.00%            ,€ 0,NA,12.93%,                -0.97%            ,"€ 46,000"
32,Opmeer,"€ 642,500",                133.64%            ,2,                100.00%            ,"€ 3,006",                20.24%            ,14.34%,                4.50%            ,"€ 41,700"
33,Ouder-Amstel,"€ 555,000",                12.12%            ,2,                -77.78%            ,"€ 5,557",                12.26%            ,6.18%,                -5.03%            ,"€ 42,600"
34,Purmerend,"€ 340,000",                13.33%            ,16,                -60.98%            ,"€ 3,422",                5.29%            ,10.82%,                1.03%            ,"€ 38,200"
35,Schagen,"€ 388,500",                17.02%            ,9,                -62.50%            ,"€ 3,298",                -1.05%            ,9.12%,                1.61%            ,"€ 39,900"
36,StedeBroec,"€ 290,000",                -6.15%            ,5,                -61.54%            ,"€ 2,992",                8.80%            ,16.74%,                2.59%            ,"€ 39,400"
37,Texel,"€ 335,000",                -5.63%            ,4,                -20.00%            ,"€ 4,020",                0.32%            ,-0.53%,                -1.50%            ,"€ 37,000"
38,Uitgeest,"€ 325,000",                -18.24%            ,3,                -50.00%            ,"€ 3,009",                -14.54%            ,15.91%,                0.78%            ,"€ 46,700"
39,Uithoorn,"€ 325,000",                -8.45%            ,7,                -46.15%            ,"€ 3,641",                5.26%            ,11.93%,                5.38%            ,"€ 42,000"
40,Velsen,"€ 334,750",                -0.67%            ,18,                -18.18%            ,"€ 4,052",                17.45%            ,15.12%,                -1.96%            ,"€ 38,500"
41,Waterland,"€ 575,000",                -11.54%            ,1,                -80.00%            ,"€ 4,107",                -18.75%            ,6.06%,                -0.04%            ,"€ 44,400"
42,Weesp,"€ 289,500",                -15.47%            ,10,                0.00%            ,"€ 4,255",                -12.07%            ,7.54%,                -0.12%            ,"€ 38,100"
43,Wijdemeren,"€ 1,262,500",                197.06%            ,4,                -42.86%            ,"€ 4,903",                20.85%            ,4.50%,                1.94%            ,"€ 45,600"
44,Wormerland,"€ 325,000",                -17.72%            ,1,                -85.71%            ,"€ 2,802",                -17.00%            ,19.07%,                10.62%            ,"€ 41,300"
45,Zaanstad,"€ 350,000",                0.86%            ,41,                -48.10%            ,"€ 3,591",                -0.77%            ,14.76%,                1.97%            ,"€ 36,400"
46,Zandvoort,"€ 627,000",                56.75%            ,6,                -45.45%            ,"€ 4,973",                10.66%            ,7.05%,                -2.04%            ,"€ 35,100"
47,Alblasserdam,"€ 337,500",                37.76%            ,7,                40.00%            ,"€ 2,877",                -15.06%            ,7.49%,                2.32%            ,"€ 39,800"
48,Albrandswaard,"€ 400,000",                -20.00%            ,7,                -58.82%            ,"€ 3,153",                -18.02%            ,6.34%,                0.66%            ,"€ 49,000"
49,AlphenaandenRijn,"€ 350,000",                7.69%            ,27,                -40.00%            ,"€ 3,269",                4.51%            ,9.96%,                -0.64%            ,"€ 41,700"
50,Barendrecht,"€ 412,250",                10.67%            ,20,                -16.67%            ,"€ 3,704",                5.05%            ,6.93%,                1.33%            ,"€ 48,700"
51,Bodegraven-Reeuwijk,"€ 395,000",                -7.06%            ,9,                -30.77%            ,"€ 3,194",                -10.56%            ,11.11%,                -0.17%            ,"€ 45,600"
52,Brielle,"€ 500,000",                58.73%            ,3,                -57.14%            ,"€ 3,968",                46.53%            ,8.92%,                4.29%            ,"€ 44,100"
53,CapelleaandenIJssel,"€ 312,500",                -6.99%            ,20,                -54.55%            ,"€ 3,072",                -4.36%            ,11.56%,                1.63%            ,"€ 35,800"
54,Delft,"€ 335,000",                -2.05%            ,23,                -52.08%            ,"€ 4,464",                10.66%            ,9.94%,                2.42%            ,"€ 27,000"
55,Dordrecht,"€ 290,000",                8.41%            ,32,                -58.97%            ,"€ 3,010",                8.00%            ,13.08%,                5.58%            ,"€ 35,200"
56,Goeree-Overflakkee,"€ 345,000",                10.40%            ,7,                -78.79%            ,"€ 2,967",                3.42%            ,7.28%,                4.51%            ,"€ 40,600"
57,Gorinchem,"€ 295,000",                13.46%            ,10,                -28.57%            ,"€ 2,861",                -1.68%            ,8.72%,                -1.12%            ,"€ 36,000"
58,Gouda,"€ 419,500",                43.66%            ,33,                -15.38%            ,"€ 3,462",                13.32%            ,11.73%,                -0.65%            ,"€ 36,900"
59,Hardinxveld-Giessendam,"€ 284,250",                6.26%            ,4,                0.00%            ,"€ 3,479",                24.25%            ,5.04%,                -7.85%            ,"€ 42,700"
60,Hellevoetsluis,"€ 264,500",                -10.34%            ,12,                -55.56%            ,"€ 2,389",                -13.35%            ,7.71%,                -1.96%            ,"€ 41,100"
61,Hendrik-Ido-Ambacht,"€ 495,000",                26.92%            ,5,                -54.55%            ,"€ 3,546",                8.21%            ,7.59%,                0.06%            ,"€ 46,700"
62,Hillegom,"€ 515,000",                31.21%            ,11,                -8.33%            ,"€ 3,786",                4.44%            ,11.51%,                3.03%            ,"€ 41,600"
63,HoekscheWaard,"€ 415,000",                27.69%            ,29,                -49.12%            ,"€ 3,371",                13.73%            ,7.05%,                -0.05%            ,"€ 44,100"
64,KaagenBraassem,"€ 350,000",                -28.21%            ,7,                -12.50%            ,"€ 3,207",                -30.05%            ,9.16%,                -3.63%            ,"€ 44,200"
65,Katwijk,"€ 400,000",                8.40%            ,13,                -55.17%            ,"€ 4,166",                9.00%            ,11.35%,                -0.98%            ,"€ 42,200"
66,KrimpenaandenIJssel,"€ 280,000",                -17.65%            ,4,                -77.78%            ,"€ 2,892",                -9.11%            ,10.02%,                2.52%            ,"€ 40,100"
67,Krimpenerwaard,"€ 300,000",                -16.08%            ,9,                -57.14%            ,"€ 3,092",                -13.34%            ,7.73%,                0.63%            ,"€ 41,800"
68,Lansingerland,"€ 385,000",                -3.75%            ,9,                -67.86%            ,"€ 3,783",                6.23%            ,7.19%,                1.92%            ,"€ 51,800"
69,Leiden,"€ 375,000",                -6.25%            ,27,                -48.08%            ,"€ 4,130",                2.48%            ,15.90%,                3.62%            ,"€ 29,600"
70,Leiderdorp,"€ 485,000",                22.78%            ,7,                -46.15%            ,"€ 4,132",                10.54%            ,13.70%,                3.47%            ,"€ 42,500"
71,Leidschendam-Voorburg,"€ 377,000",                0.53%            ,32,                -37.25%            ,"€ 3,707",                -2.68%            ,11.21%,                2.52%            ,"€ 37,900"
72,Lisse,"€ 312,000",                -29.09%            ,6,                -50.00%            ,"€ 4,425",                0.34%            ,7.11%,                -3.39%            ,"€ 40,700"
73,Maassluis,"€ 325,000",                -9.47%            ,7,                -66.67%            ,"€ 3,465",                17.82%            ,10.96%,                0.38%            ,"€ 37,200"
74,Midden-Delfland,"€ 412,000",                16.06%            ,6,                20.00%            ,"€ 3,932",                -4.75%            ,9.75%,                2.49%            ,"€ 50,100"
75,Molenlanden,"€ 309,000",                -27.29%            ,9,                -25.00%            ,"€ 3,045",                -3.79%            ,4.57%,                -1.39%            ,"€ 45,300"
76,Nieuwkoop,"€ 409,000",                28.82%            ,6,                -57.14%            ,"€ 3,380",                -5.08%            ,10.45%,                1.75%            ,"€ 45,800"
77,Nissewaard,"€ 327,450",                14.89%            ,9,                -76.92%            ,"€ 3,003",                6.30%            ,8.54%,                1.59%            ,"€ 38,000"
78,Noordwijk,"€ 593,500",                28.32%            ,8,                -42.86%            ,"€ 4,379",                -1.71%            ,4.04%,                -4.04%            ,"€ 40,400"
79,Oegstgeest,"€ 629,000",                19.81%            ,10,                -9.09%            ,"€ 4,522",                -1.91%            ,7.56%,                -0.71%            ,"€ 48,900"
80,Papendrecht,"€ 372,500",                6.43%            ,13,                8.33%            ,"€ 3,054",                -6.81%            ,9.46%,                1.90%            ,"€ 41,100"
81,Pijnacker-Nootdorp,"€ 467,000",                9.88%            ,10,                -70.59%            ,"€ 4,180",                11.17%            ,10.24%,                3.22%            ,"€ 50,600"
82,Ridderkerk,"€ 342,000",                12.13%            ,7,                -73.08%            ,"€ 3,191",                -7.10%            ,7.50%,                0.13%            ,"€ 36,900"
83,Rijswijk,"€ 272,000",                -1.09%            ,15,                -50.00%            ,"€ 3,307",                -1.25%            ,12.49%,                1.52%            ,"€ 34,800"
84,Rotterdam,"€ 375,000",                15.38%            ,152,                -52.20%            ,"€ 4,182",                17.11%            ,11.99%,                1.70%            ,"€ 29,300"
85,Schiedam,"€ 275,000",                18.28%            ,13,                -76.79%            ,"€ 3,187",                15.01%            ,12.58%,                -1.64%            ,"€ 32,800"
86,'s-Gravenhage,"€ 329,500",                -3.09%            ,159,                -41.97%            ,"€ 3,710",                2.88%            ,11.47%,                -0.36%            ,"€ 31,500"
87,Sliedrecht,"€ 377,000",                30.45%            ,2,                -86.67%            ,"€ 2,953",                -1.60%            ,9.37%,                3.77%            ,"€ 37,600"
88,Teylingen,"€ 385,000",                -3.75%            ,12,                -7.69%            ,"€ 3,738",                -3.76%            ,9.32%,                -0.09%            ,"€ 46,000"
89,Vlaardingen,"€ 289,250",                34.53%            ,12,                -69.23%            ,"€ 3,068",                9.96%            ,12.13%,                0.65%            ,"€ 33,400"
90,Voorschoten,"€ 464,000",                68.73%            ,6,                -60.00%            ,"€ 4,044",                -1.20%            ,7.49%,                1.42%            ,"€ 45,000"
91,Waddinxveen,"€ 289,000",                -11.08%            ,6,                -45.45%            ,"€ 2,857",                -13.29%            ,11.11%,                2.15%            ,"€ 42,800"
92,Wassenaar,"€ 875,000",                62.34%            ,9,                -52.63%            ,"€ 5,282",                15.66%            ,0.78%,                -1.42%            ,"€ 44,900"
93,Westland,"€ 399,000",                2.31%            ,29,                -27.50%            ,"€ 3,906",                0.90%            ,7.60%,                -1.46%            ,"€ 43,000"
94,Westvoorne,"€ 622,250",                -36.18%            ,2,                -66.67%            ,"€ 4,967",                -8.56%            ,2.03%,                -4.63%            ,"€ 45,900"
95,Zoetermeer,"€ 231,250",                -28.85%            ,22,                -64.52%            ,"€ 3,082",                -3.78%            ,13.60%,                1.88%            ,"€ 39,200"
96,Zoeterwoude,"€ 947,500",                99.47%            ,2,                -60.00%            ,"€ 4,325",                18.62%            ,5.94%,                -4.72%            ,"€ 47,200"
97,Zuidplas,"€ 424,500",                9.55%            ,10,                -44.44%            ,"€ 3,566",                5.85%            ,8.72%,                -0.19%            ,"€ 46,100"
98,Zwijndrecht,"€ 304,250",                3.31%            ,8,                -72.41%            ,"€ 2,985",                4.30%            ,10.26%,                -0.08%            ,"€ 36,500"
99,Borsele,"€ 199,000",                -33.44%            ,5,                -54.55%            ,"€ 2,398",                7.15%            ,8.44%,                -1.37%            ,"€ 41,500"
100,Goes,"€ 364,500",                26.12%            ,8,                -72.41%            ,"€ 2,897",                6.08%            ,8.62%,                1.78%            ,"€ 36,600"
101,Hulst,"€ 190,000",                -40.62%            ,6,                -70.00%            ,"€ 2,288",                -2.89%            ,7.11%,                2.78%            ,"€ 37,600"
102,Kapelle,"€ 425,000",                80.85%            ,3,                -62.50%            ,"€ 3,125",                16.65%            ,7.13%,                -1.21%            ,"€ 43,700"
103,Middelburg,"€ 280,000",                10.13%            ,19,                -52.50%            ,"€ 2,837",                -3.14%            ,9.93%,                3.11%            ,"€ 35,700"
104,Noord-Beveland,"€ 249,000",                -28.86%            ,5,                -58.33%            ,"€ 2,767",                -14.99%            ,6.01%,                0.56%            ,"€ 36,800"
105,Reimerswaal,"€ 372,000",                125.45%            ,7,                133.33%            ,"€ 3,246",                71.11%            ,14.63%,                1.15%            ,"€ 38,900"
106,Schouwen-Duiveland,"€ 390,000",                -11.36%            ,4,                -71.43%            ,"€ 5,200",                52.27%            ,7.56%,                -3.79%            ,"€ 38,700"
107,Sluis,"€ 322,000",                -16.80%            ,11,                -38.89%            ,"€ 2,534",                -19.89%            ,0.75%,                -0.38%            ,"€ 35,200"
108,Terneuzen,"€ 180,000",                -21.65%            ,20,                -37.50%            ,"€ 2,014",                -10.25%            ,7.69%,                -0.26%            ,"€ 35,600"
109,Tholen,"€ 235,000",                4.44%            ,16,                14.29%            ,"€ 2,410",                2.82%            ,8.96%,                -1.08%            ,"€ 39,000"
110,Veere,"€ 462,000",                -4.74%            ,6,                -40.00%            ,"€ 3,546",                -3.90%            ,8.20%,                2.98%            ,"€ 42,400"
111,Vlissingen,"€ 275,000",                25.43%            ,17,                -63.04%            ,"€ 2,547",                8.24%            ,10.19%,                -0.21%            ,"€ 32,200"
112,Alphen-Chaam,"€ 589,500",                93.60%            ,6,                200.00%            ,"€ 3,358",                38.19%            ,1.63%,                -2.14%            ,"€ 45,700"
113,Altena,"€ 344,500",                1.10%            ,12,                -47.83%            ,"€ 2,773",                -8.33%            ,8.79%,                -0.22%            ,"€ 43,400"
114,Asten,"€ 275,000",                -40.86%            ,1,                -85.71%            ,"€ 2,523",                -10.18%            ,7.15%,                -0.35%            ,"€ 40,200"
115,Baarle-Nassau,€ 0,NA,0,                -100.00%            ,€ 0,NA,15.02%,                17.89%            ,"€ 37,700"
116,Bergeijk,"€ 474,500",                46.00%            ,6,                -45.45%            ,"€ 3,862",                12.69%            ,3.36%,                1.60%            ,"€ 43,600"
117,BergenopZoom,"€ 299,000",                2.93%            ,13,                -71.11%            ,"€ 2,941",                14.21%            ,7.75%,                2.45%            ,"€ 36,800"
118,Bernheze,"€ 325,000",                0.00%            ,3,                -57.14%            ,"€ 2,708",                -1.60%            ,8.43%,                3.17%            ,"€ 44,600"
119,Best,"€ 615,000",                68.49%            ,6,                -33.33%            ,"€ 3,735",                33.63%            ,8.14%,                -1.24%            ,"€ 44,500"
120,Bladel,"€ 362,000",                13.13%            ,5,                66.67%            ,"€ 3,203",                -2.91%            ,3.70%,                -1.74%            ,"€ 42,700"
121,Boekel,"€ 769,000",                129.55%            ,3,                -50.00%            ,"€ 2,601",                -10.28%            ,5.04%,                5.14%            ,"€ 45,100"
122,Boxmeer,"€ 300,000",                -26.83%            ,4,                -60.00%            ,"€ 2,433",                -18.16%            ,7.03%,                -1.86%            ,"€ 41,800"
123,Boxtel,"€ 294,750",                -25.38%            ,8,                -38.46%            ,"€ 3,531",                7.19%            ,7.28%,                -3.20%            ,"€ 38,400"
124,Breda,"€ 345,000",                -8.00%            ,41,                -53.93%            ,"€ 3,831",                1.70%            ,8.53%,                0.44%            ,"€ 35,500"
125,Cranendonck,"€ 325,000",                12.36%            ,6,                -62.50%            ,"€ 2,868",                0.39%            ,11.71%,                7.66%            ,"€ 40,500"
126,Cuijk,"€ 325,000",                -2.11%            ,5,                -64.29%            ,"€ 2,895",                4.32%            ,8.74%,                -1.97%            ,"€ 38,400"
127,Deurne,"€ 325,000",                12.46%            ,9,                12.50%            ,"€ 2,851",                16.89%            ,9.88%,                5.87%            ,"€ 40,000"
128,Dongen,"€ 355,000",                12.70%            ,10,                -47.37%            ,"€ 3,244",                20.77%            ,10.83%,                5.19%            ,"€ 41,700"
129,Drimmelen,"€ 397,500",                28.23%            ,2,                -80.00%            ,"€ 3,451",                18.51%            ,8.46%,                4.81%            ,"€ 43,500"
130,Eersel,"€ 450,000",                3.51%            ,3,                -70.00%            ,"€ 3,598",                17.97%            ,5.22%,                -9.50%            ,"€ 45,200"
131,Eindhoven,"€ 357,500",                5.46%            ,51,                -46.32%            ,"€ 3,571",                8.18%            ,10.31%,                1.01%            ,"€ 31,600"
132,Etten-Leur,"€ 322,000",                -8.00%            ,11,                -42.11%            ,"€ 2,873",                1.56%            ,7.06%,                0.28%            ,"€ 40,300"
133,Geertruidenberg,"€ 345,000",                38.00%            ,7,                -12.50%            ,"€ 3,065",                5.54%            ,2.36%,                1.05%            ,"€ 40,300"
134,Geldrop-Mierlo,"€ 369,000",                -1.60%            ,6,                -76.00%            ,"€ 2,935",                -5.78%            ,10.91%,                2.14%            ,"€ 39,400"
135,Gemert-Bakel,"€ 450,000",                5.88%            ,3,                -50.00%            ,"€ 2,616",                -5.87%            ,-0.94%,                -5.46%            ,"€ 40,500"
136,GilzeenRijen,"€ 375,000",                27.88%            ,2,                -75.00%            ,"€ 3,044",                4.35%            ,13.29%,                8.78%            ,"€ 40,600"
137,Goirle,"€ 425,000",                32.81%            ,4,                -60.00%            ,"€ 3,274",                15.28%            ,6.45%,                1.11%            ,"€ 44,000"
138,Grave,"€ 671,500",                168.60%            ,2,                -81.82%            ,"€ 4,142",                60.17%            ,4.73%,                -2.67%            ,"€ 40,600"
139,Halderberge,"€ 335,000",                -1.33%            ,4,                -60.00%            ,"€ 3,081",                4.33%            ,7.07%,                1.99%            ,"€ 39,100"
140,Heeze-Leende,"€ 265,000",                -24.29%            ,1,                -80.00%            ,"€ 2,650",                21.95%            ,5.28%,                -6.04%            ,"€ 47,100"
141,Helmond,"€ 325,000",                6.64%            ,14,                -68.89%            ,"€ 2,917",                1.78%            ,7.55%,                -0.33%            ,"€ 35,700"
142,Heusden,"€ 380,000",                -10.59%            ,7,                -72.00%            ,"€ 2,970",                -2.81%            ,5.32%,                -2.26%            ,"€ 42,500"
143,Hilvarenbeek,"€ 492,500",                15.88%            ,4,                -42.86%            ,"€ 3,407",                15.84%            ,6.53%,                2.67%            ,"€ 46,100"
144,Laarbeek,"€ 329,000",                -2.95%            ,7,                -46.15%            ,"€ 2,989",                9.49%            ,8.28%,                -0.88%            ,"€ 41,900"
145,Landerd,"€ 495,000",                52.31%            ,3,                -25.00%            ,"€ 3,194",                28.38%            ,6.24%,                5.70%            ,"€ 44,700"
146,LoonopZand,"€ 368,500",                -1.73%            ,2,                -33.33%            ,"€ 3,043",                -13.18%            ,5.09%,                -1.94%            ,"€ 41,200"
147,Meierijstad,"€ 382,500",                17.69%            ,12,                -69.23%            ,"€ 3,645",                30.27%            ,6.95%,                0.89%            ,"€ 41,800"
148,MillenSintHubert,"€ 285,000",                -5.00%            ,1,                -80.00%            ,"€ 2,740",                -1.37%            ,1.22%,                -8.72%            ,"€ 41,300"
149,Moerdijk,"€ 400,000",                28.00%            ,9,                -50.00%            ,"€ 2,731",                2.25%            ,10.56%,                2.10%            ,"€ 40,800"
150,"Nuenen,GerwenenNederwetten","€ 635,000",                72.44%            ,1,                -93.75%            ,"€ 4,178",                25.05%            ,3.45%,                -0.23%            ,"€ 46,300"
151,Oirschot,"€ 542,000",                -9.67%            ,6,                -45.45%            ,"€ 4,335",                20.68%            ,1.59%,                -5.37%            ,"€ 45,800"
152,Oisterwijk,"€ 575,000",                27.78%            ,15,                15.38%            ,"€ 3,652",                6.32%            ,4.16%,                -0.15%            ,"€ 43,500"
153,Oosterhout,"€ 349,000",                -10.28%            ,22,                -4.35%            ,"€ 3,041",                -0.88%            ,6.87%,                1.56%            ,"€ 38,800"
154,Oss,"€ 298,000",                -20.53%            ,28,                -50.00%            ,"€ 2,955",                -0.71%            ,5.51%,                0.02%            ,"€ 38,400"
155,Reusel-DeMierden,"€ 344,000",                7.50%            ,2,                -71.43%            ,"€ 2,988",                2.43%            ,2.32%,                -2.84%            ,"€ 43,600"
156,Roosendaal,"€ 279,000",                11.60%            ,14,                -71.43%            ,"€ 2,448",                -5.63%            ,10.15%,                3.61%            ,"€ 36,300"
157,Rucphen,"€ 574,500",                30.87%            ,4,                -69.23%            ,"€ 2,792",                -3.46%            ,3.93%,                3.47%            ,"€ 39,400"
158,'s-Hertogenbosch,"€ 387,000",                10.57%            ,54,                -37.21%            ,"€ 3,863",                12.76%            ,8.34%,                0.58%            ,"€ 37,000"
159,SintAnthonis,€ 0,NA,0,                -100.00%            ,€ 0,NA,20.04%,                19.86%            ,"€ 44,100"
160,Sint-Michielsgestel,"€ 425,000",                -2.30%            ,1,                -93.33%            ,"€ 3,346",                -9.17%            ,7.54%,                2.33%            ,"€ 46,000"
161,Someren,"€ 300,000",                -20.00%            ,1,                -85.71%            ,"€ 3,061",                3.06%            ,4.87%,                0.70%            ,"€ 41,100"
162,SonenBreugel,"€ 429,800",                -16.01%            ,3,                -57.14%            ,"€ 4,055",                19.90%            ,13.59%,                3.54%            ,"€ 46,800"
163,Steenbergen,"€ 357,250",                19.48%            ,8,                -42.86%            ,"€ 2,845",                3.68%            ,5.53%,                0.85%            ,"€ 36,100"
164,Tilburg,"€ 325,000",                1.88%            ,36,                -64.71%            ,"€ 3,377",                16.49%            ,10.63%,                1.56%            ,"€ 31,600"
165,Uden,"€ 320,000",                -11.60%            ,14,                16.67%            ,"€ 2,817",                -17.15%            ,6.07%,                1.53%            ,"€ 38,300"
166,Valkenswaard,"€ 309,500",                -11.32%            ,2,                -88.24%            ,"€ 2,829",                -20.13%            ,12.42%,                1.16%            ,"€ 37,400"
167,Veldhoven,"€ 359,000",                -16.99%            ,12,                -45.45%            ,"€ 3,333",                -3.05%            ,8.41%,                0.01%            ,"€ 42,000"
168,Vught,"€ 525,000",                40.00%            ,7,                -61.11%            ,"€ 4,500",                26.19%            ,6.89%,                -0.22%            ,"€ 43,500"
169,Waalre,"€ 372,000",                -16.87%            ,4,                0.00%            ,"€ 3,323",                -11.01%            ,10.64%,                0.37%            ,"€ 47,300"
170,Waalwijk,"€ 362,500",                27.19%            ,11,                -47.62%            ,"€ 3,255",                18.49%            ,5.48%,                1.02%            ,"€ 37,500"
171,Woensdrecht,"€ 414,000",                33.98%            ,4,                -66.67%            ,"€ 2,612",                -3.94%            ,7.02%,                2.56%            ,"€ 38,800"
172,Zundert,"€ 442,500",                55.26%            ,4,                -55.56%            ,"€ 3,344",                2.08%            ,4.07%,                -0.45%            ,"€ 40,700"
173,Amersfoort,"€ 369,500",                -0.67%            ,42,                -33.33%            ,"€ 3,713",                -4.28%            ,14.48%,                0.77%            ,"€ 40,300"
174,Baarn,"€ 375,000",                -1.90%            ,9,                -35.71%            ,"€ 5,068",                12.70%            ,4.93%,                0.61%            ,"€ 40,300"
175,Bunnik,"€ 589,000",                32.51%            ,9,                12.50%            ,"€ 4,138",                14.12%            ,7.80%,                -2.02%            ,"€ 48,500"
176,Bunschoten,"€ 522,500",                33.29%            ,5,                -37.50%            ,"€ 5,058",                29.76%            ,-0.13%,                0.02%            ,"€ 46,200"
177,DeBilt,"€ 469,500",                -10.57%            ,12,                -40.00%            ,"€ 4,971",                10.49%            ,9.91%,                4.56%            ,"€ 42,100"
178,DeRondeVenen,"€ 595,000",                20.20%            ,7,                -69.57%            ,"€ 4,368",                8.58%            ,5.20%,                -0.69%            ,"€ 45,800"
179,Eemnes,€ 0,NA,0,NA,€ 0,NA,4.12%,                -0.57%            ,"€ 46,300"
180,Houten,"€ 509,000",                17.82%            ,9,                -35.71%            ,"€ 4,082",                11.99%            ,12.70%,                2.60%            ,"€ 49,200"
181,IJsselstein,"€ 379,000",                3.84%            ,13,                -7.14%            ,"€ 3,296",                -10.60%            ,12.82%,                0.68%            ,"€ 44,000"
182,Leusden,"€ 475,000",                26.67%            ,11,                -26.67%            ,"€ 3,583",                0.56%            ,8.17%,                -3.39%            ,"€ 46,300"
183,Lopik,"€ 295,000",                -8.53%            ,5,                -16.67%            ,"€ 3,516",                -3.01%            ,8.58%,                2.04%            ,"€ 46,100"
184,Montfoort,"€ 330,000",                -7.69%            ,6,                200.00%            ,"€ 3,120",                4.35%            ,14.64%,                3.28%            ,"€ 46,800"
185,Nieuwegein,"€ 350,000",                3.24%            ,16,                -56.76%            ,"€ 3,216",                -3.51%            ,17.07%,                0.21%            ,"€ 38,600"
186,Oudewater,"€ 487,500",                57.77%            ,4,                33.33%            ,"€ 4,057",                13.42%            ,22.32%,                12.13%            ,"€ 45,200"
187,Renswoude,€ 0,NA,0,                -100.00%            ,€ 0,NA,8.60%,                -1.42%            ,"€ 46,400"
188,Rhenen,"€ 400,000",                1.27%            ,7,                -22.22%            ,"€ 3,925",                -7.60%            ,10.53%,                2.78%            ,"€ 41,100"
189,Soest,"€ 547,000",                40.26%            ,20,                33.33%            ,"€ 4,451",                16.82%            ,8.42%,                0.93%            ,"€ 41,800"
190,StichtseVecht,"€ 550,000",                11.11%            ,24,                -22.58%            ,"€ 4,327",                2.95%            ,10.18%,                -0.89%            ,"€ 44,000"
191,Utrecht,"€ 439,500",                17.20%            ,146,                -16.57%            ,"€ 5,000",                8.15%            ,16.90%,                0.19%            ,"€ 32,300"
192,UtrechtseHeuvelrug,"€ 572,500",                39.63%            ,12,                -40.00%            ,"€ 4,957",                12.25%            ,9.19%,                4.55%            ,"€ 43,200"
193,Veenendaal,"€ 374,750",                7.22%            ,22,                -37.14%            ,"€ 3,197",                -3.91%            ,7.49%,                0.23%            ,"€ 39,000"
194,Vijfheerenlanden,"€ 400,000",                15.11%            ,14,                -30.00%            ,"€ 3,659",                12.48%            ,9.07%,                0.31%            ,"€ 41,500"
195,WijkbijDuurstede,"€ 325,000",                -7.14%            ,10,                11.11%            ,"€ 3,598",                7.05%            ,8.41%,                2.94%            ,"€ 45,900"
196,Woerden,"€ 397,500",                15.55%            ,14,                -46.15%            ,"€ 3,860",                -4.55%            ,12.79%,                0.06%            ,"€ 44,600"
197,Woudenberg,"€ 595,000",                19.00%            ,7,                133.33%            ,"€ 4,371",                39.87%            ,4.91%,                0.39%            ,"€ 46,100"
198,Zeist,"€ 574,000",                17.38%            ,35,                -7.89%            ,"€ 4,450",                9.90%            ,10.03%,                0.58%            ,"€ 37,700"
199,Almere,"€ 357,500",                10.00%            ,50,                -64.03%            ,"€ 3,278",                3.90%            ,16.20%,                1.35%            ,"€ 39,900"
200,Dronten,"€ 261,250",                -18.93%            ,28,                7.69%            ,"€ 2,565",                4.82%            ,17.40%,                1.45%            ,"€ 40,400"
201,Lelystad,"€ 349,000",                24.64%            ,14,                -46.15%            ,"€ 2,706",                12.80%            ,12.35%,                -2.32%            ,"€ 36,300"
202,Noordoostpolder,"€ 300,000",                5.54%            ,11,                -52.17%            ,"€ 2,441",                0.08%            ,8.34%,                1.08%            ,"€ 38,600"
203,Urk,€ 0,NA,1,                0.00%            ,€ 0,NA,10.47%,NA,"€ 45,500"
204,Zeewolde,"€ 399,000",                5.00%            ,7,                -63.16%            ,"€ 3,046",                6.24%            ,11.75%,                3.24%            ,"€ 43,000"
205,Achtkarspelen,"€ 239,500",                -21.48%            ,8,                -46.67%            ,"€ 2,521",                1.65%            ,12.82%,                6.41%            ,"€ 35,500"
206,Ameland,€ 0,NA,0,NA,€ 0,NA,0.17%,NA,"€ 36,500"
207,Dantumadiel,"€ 265,000",                -14.52%            ,3,                -25.00%            ,"€ 2,454",                -14.49%            ,7.90%,                2.75%            ,"€ 35,800"
208,DeFryskeMarren,"€ 369,000",                17.14%            ,20,                -20.00%            ,"€ 3,387",                23.66%            ,7.67%,                -0.48%            ,"€ 38,800"
209,Harlingen,"€ 324,500",                42.79%            ,5,                -50.00%            ,"€ 3,155",                38.13%            ,13.20%,                4.14%            ,"€ 32,300"
210,Heerenveen,"€ 419,500",                -11.59%            ,21,                -16.00%            ,"€ 2,664",                -11.99%            ,8.03%,                -0.94%            ,"€ 36,000"
211,Leeuwarden,"€ 227,250",                -5.31%            ,56,                -29.11%            ,"€ 2,320",                -3.49%            ,13.53%,                0.92%            ,"€ 30,300"
212,Noardeast-Fryslân,"€ 199,500",                -23.05%            ,19,                -5.00%            ,"€ 1,759",                -15.84%            ,6.80%,                -0.55%            ,"€ 34,900"
213,Ooststellingwerf,"€ 295,000",                -3.67%            ,8,                -60.00%            ,"€ 2,706",                11.50%            ,9.97%,                -1.99%            ,"€ 36,200"
214,Opsterland,"€ 360,000",                50.63%            ,12,                -7.69%            ,"€ 2,550",                31.65%            ,7.59%,                5.18%            ,"€ 38,800"
215,Schiermonnikoog,€ 0,NA,0,NA,€ 0,NA,%,NA,-
216,Smallingerland,"€ 292,000",                17.03%            ,29,                -23.68%            ,"€ 2,503",                9.97%            ,12.24%,                5.02%            ,"€ 34,700"
217,Súdwest-Fryslân,"€ 279,000",                -12.81%            ,30,                -44.44%            ,"€ 2,568",                -0.54%            ,8.79%,                1.49%            ,"€ 36,100"
218,Terschelling,€ 0,NA,0,NA,€ 0,NA,%,NA,"€ 34,600"
219,Tytsjerksteradiel,"€ 269,500",                -2.88%            ,16,                45.45%            ,"€ 2,404",                -14.20%            ,11.23%,                0.61%            ,"€ 38,900"
220,Vlieland,€ 0,NA,0,NA,€ 0,NA,%,NA,-
221,Waadhoeke,"€ 300,000",                0.84%            ,23,                -17.86%            ,"€ 2,300",                8.59%            ,12.36%,                5.84%            ,"€ 35,900"
222,Weststellingwerf,"€ 220,000",                -18.22%            ,8,                14.29%            ,"€ 2,187",                -24.56%            ,16.43%,                6.00%            ,"€ 35,600"
223,Eemsdelta,"€ 239,500",                19.75%            ,16,                -44.83%            ,"€ 1,977",                5.84%            ,14.44%,                1.64%            ,"€ 33,500"
224,Groningen,"€ 269,500",                12.76%            ,119,                -8.46%            ,"€ 2,958",                -3.40%            ,21.02%,                2.62%            ,"€ 25,400"
225,HetHogeland,"€ 227,250",                11.12%            ,20,                11.11%            ,"€ 2,012",                1.16%            ,13.21%,                0.93%            ,"€ 35,100"
226,Midden-Groningen,"€ 299,000",                31.43%            ,19,                -38.71%            ,"€ 2,242",                12.44%            ,13.63%,                1.62%            ,"€ 34,100"
227,Oldambt,"€ 199,500",                -20.04%            ,17,                -22.73%            ,"€ 1,998",                4.12%            ,9.99%,                -0.47%            ,"€ 31,900"
228,Pekela,"€ 125,000",                -37.50%            ,4,                -63.64%            ,"€ 1,167",                -31.75%            ,14.24%,                -1.77%            ,"€ 31,900"
229,Stadskanaal,"€ 267,000",                21.78%            ,12,                -20.00%            ,"€ 2,313",                -1.07%            ,9.15%,                0.10%            ,"€ 32,200"
230,Veendam,"€ 275,000",                48.65%            ,7,                -73.08%            ,"€ 1,786",                -4.75%            ,13.03%,                0.25%            ,"€ 33,700"
231,Westerkwartier,"€ 299,500",                11.34%            ,22,                -8.33%            ,"€ 2,548",                -4.64%            ,15.90%,                3.23%            ,"€ 40,200"
232,Westerwolde,"€ 341,250",                24.09%            ,8,                -55.56%            ,"€ 2,381",                4.94%            ,9.42%,                -0.16%            ,"€ 34,000"
233,AaenHunze,"€ 325,000",                -1.29%            ,13,                62.50%            ,"€ 2,752",                12.10%            ,10.30%,                1.25%            ,"€ 41,400"
234,Assen,"€ 275,000",                10.00%            ,15,                -48.28%            ,"€ 2,467",                -1.32%            ,13.04%,                0.69%            ,"€ 35,500"
235,Borger-Odoorn,"€ 310,000",                -3.80%            ,6,                -64.71%            ,"€ 2,074",                -14.86%            ,13.37%,                3.49%            ,"€ 38,200"
236,Coevorden,"€ 297,500",                12.26%            ,13,                -53.57%            ,"€ 2,299",                -6.24%            ,11.57%,                3.14%            ,"€ 37,200"
237,DeWolden,"€ 450,000",                38.46%            ,13,                -27.78%            ,"€ 3,236",                7.01%            ,7.88%,                1.64%            ,"€ 42,800"
238,Emmen,"€ 239,500",                -4.20%            ,55,                -25.68%            ,"€ 2,055",                -0.53%            ,10.58%,                1.19%            ,"€ 34,000"
239,Hoogeveen,"€ 279,500",                9.61%            ,15,                -42.31%            ,"€ 2,519",                13.88%            ,7.71%,                -1.00%            ,"€ 35,000"
240,Meppel,"€ 310,000",                -22.50%            ,15,                -58.33%            ,"€ 2,536",                -12.52%            ,7.14%,                -2.66%            ,"€ 36,600"
241,Midden-Drenthe,"€ 349,000",                -4.38%            ,7,                -36.36%            ,"€ 2,815",                18.53%            ,7.46%,                4.27%            ,"€ 39,900"
242,Noordenveld,"€ 272,000",                -7.80%            ,12,                -14.29%            ,"€ 2,494",                -3.71%            ,13.67%,                4.29%            ,"€ 39,500"
243,Tynaarlo,"€ 374,500",                -28.19%            ,17,                -5.56%            ,"€ 2,972",                -6.04%            ,12.24%,                2.60%            ,"€ 44,000"
244,Westerveld,"€ 350,000",                0.14%            ,7,                -46.15%            ,"€ 3,624",                35.73%            ,6.21%,                1.50%            ,"€ 39,300"
245,Almelo,"€ 287,000",                10.49%            ,25,                -43.18%            ,"€ 2,279",                6.25%            ,9.54%,                2.06%            ,"€ 32,900"
246,Borne,"€ 290,000",                -32.87%            ,8,                100.00%            ,"€ 2,632",                -20.15%            ,9.00%,                1.20%            ,"€ 42,900"
247,Dalfsen,"€ 675,000",                92.86%            ,9,                -18.18%            ,"€ 3,422",                21.39%            ,6.78%,                1.81%            ,"€ 44,200"
248,Deventer,"€ 295,000",                0.00%            ,28,                -48.15%            ,"€ 2,900",                2.80%            ,13.74%,                1.10%            ,"€ 35,200"
249,Dinkelland,"€ 438,000",                41.75%            ,9,                0.00%            ,"€ 3,087",                23.98%            ,13.16%,                9.75%            ,"€ 45,100"
250,Enschede,"€ 232,500",                -3.23%            ,47,                -36.49%            ,"€ 2,525",                2.68%            ,11.70%,                2.40%            ,"€ 29,300"
251,Haaksbergen,"€ 350,000",                16.67%            ,6,                -25.00%            ,"€ 2,621",                6.33%            ,12.68%,                5.25%            ,"€ 40,500"
252,Hardenberg,"€ 350,000",                7.69%            ,14,                -33.33%            ,"€ 2,381",                -3.29%            ,10.11%,                0.51%            ,"€ 40,400"
253,Hellendoorn,"€ 450,000",                50.00%            ,9,                -59.09%            ,"€ 3,134",                27.55%            ,2.40%,                1.41%            ,"€ 40,900"
254,Hengelo(O),"€ 245,000",                -15.52%            ,19,                -51.28%            ,"€ 2,130",                -13.20%            ,7.59%,                -1.04%            ,"€ 34,400"
255,HofvanTwente,"€ 274,750",                -22.44%            ,8,                -33.33%            ,"€ 2,499",                1.67%            ,8.64%,                -1.88%            ,"€ 40,800"
256,Kampen,"€ 310,000",                24.00%            ,23,                9.52%            ,"€ 2,545",                1.80%            ,11.14%,                2.50%            ,"€ 38,400"
257,Losser,"€ 387,500",                49.61%            ,2,                -81.82%            ,"€ 2,925",                28.68%            ,8.91%,                -0.07%            ,"€ 38,800"
258,Oldenzaal,"€ 275,000",                -11.86%            ,11,                -31.25%            ,"€ 2,391",                -6.75%            ,5.87%,                1.55%            ,"€ 37,800"
259,Olst-Wijhe,"€ 335,000",                13.56%            ,2,                -80.00%            ,"€ 3,121",                10.32%            ,10.66%,                3.58%            ,"€ 42,000"
260,Ommen,"€ 513,100",                54.55%            ,5,                25.00%            ,"€ 3,846",                46.96%            ,8.82%,                0.51%            ,"€ 40,700"
261,Raalte,"€ 295,000",                -21.33%            ,5,                -61.54%            ,"€ 2,153",                -13.88%            ,14.12%,                6.13%            ,"€ 41,200"
262,Rijssen-Holten,"€ 349,000",                16.33%            ,8,                60.00%            ,"€ 2,685",                -7.45%            ,8.08%,                1.60%            ,"€ 43,100"
263,Staphorst,"€ 270,000",                -29.87%            ,3,                -40.00%            ,"€ 2,455",                2.59%            ,8.45%,                5.32%            ,"€ 45,200"
264,Steenwijkerland,"€ 423,000",                51.61%            ,26,                0.00%            ,"€ 2,796",                6.76%            ,8.38%,                7.27%            ,"€ 37,200"
265,Tubbergen,"€ 450,000",                20.00%            ,5,                -37.50%            ,"€ 2,903",                11.10%            ,2.37%,                -2.30%            ,"€ 46,100"
266,Twenterand,"€ 255,000",                -13.56%            ,10,                11.11%            ,"€ 1,990",                -13.10%            ,6.78%,                1.46%            ,"€ 39,500"
267,Wierden,"€ 383,500",                26.99%            ,5,                -16.67%            ,"€ 2,981",                -1.45%            ,6.95%,                2.63%            ,"€ 45,100"
268,Zwartewaterland,"€ 289,500",                12.65%            ,8,                -11.11%            ,"€ 2,564",                3.43%            ,6.44%,                -3.57%            ,"€ 42,800"
269,Zwolle,"€ 337,000",                6.98%            ,55,                -11.29%            ,"€ 3,354",                11.28%            ,13.46%,                0.31%            ,"€ 35,500"
270,Aalten,"€ 395,000",                75.56%            ,7,                -22.22%            ,"€ 2,655",                23.89%            ,5.77%,                -3.90%            ,"€ 39,100"
271,Apeldoorn,"€ 300,000",                -7.69%            ,41,                -49.38%            ,"€ 2,941",                -5.74%            ,9.46%,                1.84%            ,"€ 37,800"
272,Arnhem,"€ 339,000",                21.07%            ,42,                -54.35%            ,"€ 3,074",                6.33%            ,12.24%,                -0.81%            ,"€ 30,100"
273,Barneveld,"€ 369,000",                -5.99%            ,24,                -22.58%            ,"€ 3,361",                0.30%            ,11.17%,                2.24%            ,"€ 43,700"
274,BergenDal,"€ 587,500",                111.71%            ,6,                -57.14%            ,"€ 3,207",                9.12%            ,10.29%,                -0.57%            ,"€ 37,100"
275,Berkelland,"€ 397,250",                18.23%            ,11,                -42.11%            ,"€ 3,103",                17.05%            ,7.03%,                -2.57%            ,"€ 39,400"
276,Beuningen,"€ 300,000",                -6.25%            ,4,                -55.56%            ,"€ 2,875",                20.39%            ,14.67%,                2.37%            ,"€ 42,800"
277,Bronckhorst,"€ 324,750",                -40.41%            ,12,                9.09%            ,"€ 3,798",                4.51%            ,9.19%,                0.31%            ,"€ 41,800"
278,Brummen,"€ 450,000",                19.36%            ,3,                -70.00%            ,"€ 3,879",                16.87%            ,8.61%,                -6.61%            ,"€ 40,900"
279,Buren,"€ 460,000",                -12.38%            ,10,                -52.38%            ,"€ 3,757",                -3.34%            ,8.81%,                3.46%            ,"€ 45,300"
280,Culemborg,"€ 525,000",                79.49%            ,5,                -50.00%            ,"€ 3,523",                23.22%            ,14.77%,                1.58%            ,"€ 41,000"
281,Doesburg,"€ 275,000",                17.02%            ,2,                -60.00%            ,"€ 3,624",                56.01%            ,11.91%,                4.34%            ,"€ 34,800"
282,Doetinchem,"€ 307,500",                11.82%            ,17,                -54.05%            ,"€ 2,664",                12.26%            ,15.59%,                2.52%            ,"€ 36,800"
283,Druten,"€ 400,000",                45.45%            ,5,                66.67%            ,"€ 2,899",                21.76%            ,16.82%,                5.28%            ,"€ 41,700"
284,Duiven,"€ 289,000",                12.34%            ,5,                -50.00%            ,"€ 2,495",                8.43%            ,14.89%,                6.89%            ,"€ 42,300"
285,Ede,"€ 335,000",                5.68%            ,28,                -56.25%            ,"€ 3,181",                2.45%            ,8.28%,                -3.88%            ,"€ 40,000"
286,Elburg,"€ 395,000",                34.24%            ,6,                -57.14%            ,"€ 2,711",                5.40%            ,4.97%,                -1.09%            ,"€ 41,700"
287,Epe,"€ 537,500",                34.38%            ,10,                -58.33%            ,"€ 3,565",                -8.61%            ,7.49%,                4.19%            ,"€ 39,500"
288,Ermelo,"€ 435,000",                12.99%            ,3,                -70.00%            ,"€ 3,295",                -11.23%            ,9.73%,                -0.41%            ,"€ 41,000"
289,Harderwijk,"€ 369,500",                -0.14%            ,10,                -68.75%            ,"€ 3,100",                -8.72%            ,12.51%,                0.96%            ,"€ 39,600"
290,Hattem,"€ 369,000",                1.10%            ,3,                200.00%            ,"€ 3,075",                -30.08%            ,5.44%,                -0.27%            ,"€ 42,500"
291,Heerde,"€ 545,000",                37.97%            ,5,                -72.22%            ,"€ 4,910",                41.42%            ,9.18%,                4.82%            ,"€ 42,000"
292,Heumen,"€ 515,000",                80.70%            ,2,                -71.43%            ,"€ 3,697",                38.78%            ,8.23%,                -6.28%            ,"€ 44,300"
293,Lingewaard,"€ 390,000",                4.00%            ,9,                -47.06%            ,"€ 2,809",                -9.36%            ,8.75%,                -0.84%            ,"€ 42,100"
294,Lochem,"€ 379,000",                -28.36%            ,9,                -40.00%            ,"€ 3,571",                15.72%            ,11.91%,                -0.26%            ,"€ 41,900"
295,Maasdriel,"€ 515,000",                22.84%            ,5,                -64.29%            ,"€ 2,886",                -10.43%            ,3.44%,                -1.24%            ,"€ 42,800"
296,Montferland,"€ 439,000",                35.08%            ,8,                -61.90%            ,"€ 3,150",                23.87%            ,9.11%,                2.84%            ,"€ 38,700"
297,Neder-Betuwe,"€ 299,250",                1.96%            ,2,                -75.00%            ,"€ 2,719",                -3.27%            ,8.63%,                -0.46%            ,"€ 41,700"
298,Nijkerk,"€ 369,000",                -5.26%            ,8,                -46.67%            ,"€ 4,211",                16.49%            ,9.15%,                2.88%            ,"€ 43,900"
299,Nijmegen,"€ 344,500",                13.88%            ,68,                -11.69%            ,"€ 3,633",                2.74%            ,13.74%,                -1.99%            ,"€ 27,500"
300,Nunspeet,"€ 349,000",                -18.74%            ,13,                30.00%            ,"€ 3,497",                -9.19%            ,4.81%,                -1.79%            ,"€ 41,500"
301,Oldebroek,"€ 499,000",                -9.27%            ,5,                66.67%            ,"€ 3,125",                11.93%            ,6.82%,                2.62%            ,"€ 41,300"
302,OostGelre,"€ 259,000",                -11.91%            ,9,                50.00%            ,"€ 2,566",                11.71%            ,9.36%,                -3.52%            ,"€ 41,500"
303,OudeIJsselstreek,"€ 325,000",                4.84%            ,10,                -60.00%            ,"€ 2,532",                -3.98%            ,12.29%,                -1.10%            ,"€ 36,900"
304,Overbetuwe,"€ 499,000",                60.97%            ,9,                -30.77%            ,"€ 3,350",                14.02%            ,9.55%,                0.83%            ,"€ 44,000"
305,Putten,"€ 425,000",                1.92%            ,6,                -25.00%            ,"€ 3,396",                -12.25%            ,2.15%,                -3.41%            ,"€ 43,400"
306,Renkum,"€ 385,000",                -16.76%            ,6,                -70.00%            ,"€ 4,087",                1.97%            ,9.83%,                2.01%            ,"€ 39,000"
307,Rheden,"€ 282,000",                -15.82%            ,24,                -11.11%            ,"€ 3,206",                4.43%            ,16.96%,                5.44%            ,"€ 34,600"
308,Rozendaal,€ 837.500,NA,2,NA,€ 4.690,NA,%,NA,-
309,Scherpenzeel,"€ 437,500",                10.90%            ,4,                0.00%            ,"€ 3,402",                6.11%            ,11.24%,                2.87%            ,"€ 44,000"
310,Tiel,"€ 332,500",                20.91%            ,14,                -54.84%            ,"€ 2,928",                -2.40%            ,12.29%,                2.33%            ,"€ 36,300"
311,Voorst,"€ 450,000",                -17.43%            ,5,                -44.44%            ,"€ 3,025",                -14.72%            ,6.76%,                -3.82%            ,"€ 42,700"
312,Wageningen,"€ 282,500",                -13.08%            ,4,                -55.56%            ,"€ 2,985",                -5.33%            ,13.41%,                3.90%            ,"€ 26,100"
313,WestBetuwe,"€ 405,000",                9.76%            ,10,                -56.52%            ,"€ 3,149",                -2.66%            ,7.82%,                -0.59%            ,"€ 45,900"
314,Westervoort,"€ 425,000",                60.38%            ,1,                -88.89%            ,"€ 4,942",                122.21%            ,15.86%,                3.63%            ,"€ 38,200"
315,WestMaasenWaal,"€ 400,000",                -20.00%            ,2,                -75.00%            ,"€ 3,053",                -6.18%            ,6.81%,                -3.56%            ,"€ 41,700"
316,Wijchen,"€ 392,250",                13.70%            ,4,                -63.64%            ,"€ 3,047",                12.60%            ,9.75%,                -0.47%            ,"€ 41,100"
317,Winterswijk,"€ 199,500",                -19.23%            ,9,                -40.00%            ,"€ 2,418",                6.85%            ,13.79%,                11.75%            ,"€ 36,400"
318,Zaltbommel,"€ 422,000",                20.74%            ,8,                -20.00%            ,"€ 2,920",                4.40%            ,6.68%,                0.47%            ,"€ 41,700"
319,Zevenaar,"€ 227,500",                -16.36%            ,8,                -78.95%            ,"€ 2,329",                -4.51%            ,14.66%,                0.90%            ,"€ 36,900"
320,Zutphen,"€ 249,500",                -23.23%            ,15,                -34.78%            ,"€ 2,567",                -7.60%            ,12.49%,                2.16%            ,"€ 34,500"
321,Beek,"€ 325,000",                27.70%            ,5,                -37.50%            ,"€ 2,321",                -2.85%            ,12.60%,                0.33%            ,"€ 39,100"
322,Beekdaelen,"€ 291,500",                -2.18%            ,7,                -46.15%            ,"€ 2,129",                -13.56%            ,6.00%,                -4.30%            ,"€ 39,200"
323,Beesel,€ 0,NA,0,                -100.00%            ,€ 0,NA,5.16%,                -3.71%            ,"€ 37,800"
324,Bergen(L),"€ 382,500",                27.50%            ,4,                -42.86%            ,"€ 2,729",                14.62%            ,8.04%,                -0.56%            ,"€ 39,900"
325,Brunssum,"€ 175,000",                -17.45%            ,9,                -40.00%            ,"€ 1,863",                -14.93%            ,8.05%,                -1.03%            ,"€ 32,600"
326,Echt-Susteren,"€ 322,250",                2.06%            ,6,                -57.14%            ,"€ 2,147",                -4.15%            ,6.57%,                -1.63%            ,"€ 38,000"
327,Eijsden-Margraten,"€ 315,000",                -21.74%            ,6,                -57.14%            ,"€ 2,935",                6.23%            ,12.63%,                4.97%            ,"€ 44,500"
328,Gennep,"€ 485,000",                50.39%            ,4,                -50.00%            ,"€ 3,063",                23.46%            ,5.86%,                1.85%            ,"€ 39,600"
329,Gulpen-Wittem,"€ 220,000",                -29.60%            ,5,                -37.50%            ,"€ 2,551",                14.19%            ,4.36%,                -3.73%            ,"€ 38,700"
330,Heerlen,"€ 210,000",                5.00%            ,27,                -57.81%            ,"€ 2,115",                12.62%            ,12.87%,                4.17%            ,"€ 28,900"
331,HorstaandeMaas,"€ 250,000",                -23.08%            ,2,                -88.24%            ,"€ 2,167",                -27.98%            ,7.58%,                3.27%            ,"€ 41,800"
332,Kerkrade,"€ 175,000",                -18.22%            ,18,                -45.45%            ,"€ 1,907",                0.53%            ,6.08%,                0.22%            ,"€ 30,400"
333,Landgraaf,"€ 225,000",                -17.28%            ,7,                -69.57%            ,"€ 2,445",                7.47%            ,9.92%,                -0.99%            ,"€ 34,400"
334,Leudal,"€ 227,500",                -36.67%            ,6,                -40.00%            ,"€ 2,226",                -20.90%            ,5.72%,                -1.96%            ,"€ 41,000"
335,Maasgouw,"€ 320,000",                20.98%            ,4,                -69.23%            ,"€ 2,295",                -12.24%            ,6.94%,                0.89%            ,"€ 39,900"
336,Maastricht,"€ 319,000",                -4.78%            ,48,                -11.11%            ,"€ 3,127",                3.51%            ,12.49%,                -0.28%            ,"€ 28,000"
337,Meerssen,"€ 370,000",                10.45%            ,3,                -66.67%            ,"€ 2,552",                -16.57%            ,4.89%,                -4.82%            ,"€ 40,800"
338,MookenMiddelaar,"€ 612,500",                9.87%            ,2,                -50.00%            ,"€ 3,922",                4.81%            ,17.85%,                7.66%            ,"€ 44,100"
339,Nederweert,"€ 310,000",                -2.82%            ,6,                20.00%            ,"€ 2,923",                8.70%            ,7.49%,                -0.97%            ,"€ 41,400"
340,PeelenMaas,"€ 465,000",                51.34%            ,10,                -33.33%            ,"€ 2,959",                13.55%            ,9.27%,                3.55%            ,"€ 41,900"
341,Roerdalen,"€ 259,000",                -13.67%            ,5,                -37.50%            ,"€ 2,407",                0.88%            ,7.03%,                5.99%            ,"€ 38,500"
342,Roermond,"€ 300,000",                9.09%            ,5,                -87.18%            ,"€ 3,201",                36.62%            ,6.57%,                -0.83%            ,"€ 33,300"
343,Simpelveld,"€ 325,000",                17.33%            ,3,                -25.00%            ,"€ 2,612",                5.71%            ,12.98%,                11.28%            ,"€ 36,400"
344,Sittard-Geleen,"€ 240,000",                1.27%            ,29,                -38.30%            ,"€ 2,000",                -3.43%            ,10.68%,                2.94%            ,"€ 33,600"
345,Stein,"€ 279,000",                -6.38%            ,9,                0.00%            ,"€ 2,586",                4.23%            ,9.39%,                -0.59%            ,"€ 37,700"
346,Vaals,€ 174.000,NA,3,NA,€ 1.713,NA,5.15%,                0.58%            ,"€ 30,000"
347,ValkenburgaandeGeul,"€ 325,000",                -15.58%            ,3,                -66.67%            ,"€ 2,567",                -14.83%            ,7.19%,                10.08%            ,"€ 35,600"
348,Venlo,"€ 379,500",                43.21%            ,26,                -50.00%            ,"€ 2,735",                17.84%            ,8.56%,                3.05%            ,"€ 33,700"
349,Venray,"€ 297,000",                14.23%            ,8,                -27.27%            ,"€ 2,729",                27.11%            ,7.76%,                -1.93%            ,"€ 39,100"
350,Voerendaal,"€ 287,500",                3.23%            ,2,                -66.67%            ,"€ 2,185",                -12.53%            ,9.78%,                -0.59%            ,"€ 40,800"
351,Weert,"€ 375,000",                30.21%            ,17,                -39.29%            ,"€ 2,799",                -9.62%            ,8.54%,                1.11%            ,"€ 37,300"
